size;num_tests;p;c
1;100;0.0;1.0
1;100;0.01;1.0
1;100;0.02;1.0
1;100;0.03;1.0
1;100;0.04;1.0
1;100;0.05;1.0
1;100;0.06;1.0
1;100;0.07;1.0
1;100;0.08;1.0
1;100;0.09;1.0
1;100;0.1;1.0
1;100;0.11;1.0
1;100;0.12;1.0
1;100;0.13;1.0
1;100;0.14;1.0
1;100;0.15;1.0
1;100;0.16;1.0
1;100;0.17;1.0
1;100;0.18;1.0
1;100;0.19;1.0
1;100;0.2;1.0
1;100;0.21;1.0
1;100;0.22;1.0
1;100;0.23;1.0
1;100;0.24;1.0
1;100;0.25;1.0
1;100;0.26;1.0
1;100;0.27;1.0
1;100;0.28;1.0
1;100;0.29;1.0
1;100;0.3;1.0
1;100;0.31;1.0
1;100;0.32;1.0
1;100;0.33;1.0
1;100;0.34;1.0
1;100;0.35;1.0
1;100;0.36;1.0
1;100;0.37;1.0
1;100;0.38;1.0
1;100;0.39;1.0
1;100;0.4;1.0
1;100;0.41;1.0
1;100;0.42;1.0
1;100;0.43;1.0
1;100;0.44;1.0
1;100;0.45;1.0
1;100;0.46;1.0
1;100;0.47;1.0
1;100;0.48;1.0
1;100;0.49;1.0
1;100;0.5;1.0
1;100;0.51;1.0
1;100;0.52;1.0
1;100;0.53;1.0
1;100;0.54;1.0
1;100;0.55;1.0
1;100;0.56;1.0
1;100;0.57;1.0
1;100;0.58;1.0
1;100;0.59;1.0
1;100;0.6;1.0
1;100;0.61;1.0
1;100;0.62;1.0
1;100;0.63;1.0
1;100;0.64;1.0
1;100;0.65;1.0
1;100;0.66;1.0
1;100;0.67;1.0
1;100;0.68;1.0
1;100;0.69;1.0
1;100;0.7;1.0
1;100;0.71;1.0
1;100;0.72;1.0
1;100;0.73;1.0
1;100;0.74;1.0
1;100;0.75;1.0
1;100;0.76;1.0
1;100;0.77;1.0
1;100;0.78;1.0
1;100;0.79;1.0
1;100;0.8;1.0
1;100;0.81;1.0
1;100;0.82;1.0
1;100;0.83;1.0
1;100;0.84;1.0
1;100;0.85;1.0
1;100;0.86;1.0
1;100;0.87;1.0
1;100;0.88;1.0
1;100;0.89;1.0
1;100;0.9;1.0
1;100;0.91;1.0
1;100;0.92;1.0
1;100;0.93;1.0
1;100;0.94;1.0
1;100;0.95;1.0
1;100;0.96;1.0
1;100;0.97;1.0
1;100;0.98;1.0
1;100;0.99;1.0
1;100;1.0;1.0
2;100;0.0;1.0
2;100;0.01;0.99
2;100;0.02;1.0
2;100;0.03;1.0
2;100;0.04;0.99
2;100;0.05;1.0
2;100;0.06;1.0
2;100;0.07;0.98
2;100;0.08;1.0
2;100;0.09;0.99
2;100;0.1;0.99
2;100;0.11;0.97
2;100;0.12;0.97
2;100;0.13;0.98
2;100;0.14;0.95
2;100;0.15;0.99
2;100;0.16;0.96
2;100;0.17;0.98
2;100;0.18;0.95
2;100;0.19;0.9
2;100;0.2;0.97
2;100;0.21;0.96
2;100;0.22;0.97
2;100;0.23;0.95
2;100;0.24;0.96
2;100;0.25;0.95
2;100;0.26;0.9
2;100;0.27;0.93
2;100;0.28;0.88
2;100;0.29;0.92
2;100;0.3;0.92
2;100;0.31;0.92
2;100;0.32;0.95
2;100;0.33;0.92
2;100;0.34;0.9
2;100;0.35;0.91
2;100;0.36;0.94
2;100;0.37;0.83
2;100;0.38;0.91
2;100;0.39;0.88
2;100;0.4;0.85
2;100;0.41;0.89
2;100;0.42;0.81
2;100;0.43;0.85
2;100;0.44;0.9
2;100;0.45;0.88
2;100;0.46;0.84
2;100;0.47;0.85
2;100;0.48;0.89
2;100;0.49;0.88
2;100;0.5;0.84
2;100;0.51;0.89
2;100;0.52;0.85
2;100;0.53;0.85
2;100;0.54;0.88
2;100;0.55;0.87
2;100;0.56;0.87
2;100;0.57;0.9
2;100;0.58;0.88
2;100;0.59;0.91
2;100;0.6;0.89
2;100;0.61;0.92
2;100;0.62;0.91
2;100;0.63;0.9
2;100;0.64;0.9
2;100;0.65;0.91
2;100;0.66;0.9
2;100;0.67;0.93
2;100;0.68;0.88
2;100;0.69;0.89
2;100;0.7;0.96
2;100;0.71;0.94
2;100;0.72;0.95
2;100;0.73;0.92
2;100;0.74;0.94
2;100;0.75;0.93
2;100;0.76;0.96
2;100;0.77;0.93
2;100;0.78;0.95
2;100;0.79;0.97
2;100;0.8;0.92
2;100;0.81;0.95
2;100;0.82;0.92
2;100;0.83;0.98
2;100;0.84;0.93
2;100;0.85;0.96
2;100;0.86;0.98
2;100;0.87;0.98
2;100;0.88;0.97
2;100;0.89;0.98
2;100;0.9;1.0
2;100;0.91;0.99
2;100;0.92;0.98
2;100;0.93;0.99
2;100;0.94;1.0
2;100;0.95;0.99
2;100;0.96;1.0
2;100;0.97;1.0
2;100;0.98;1.0
2;100;0.99;1.0
2;100;1.0;1.0
3;100;0.0;1.0
3;100;0.01;1.0
3;100;0.02;1.0
3;100;0.03;0.9955556
3;100;0.04;1.0
3;100;0.05;0.98666674
3;100;0.06;0.9733334
3;100;0.07;0.96888894
3;100;0.08;0.97777784
3;100;0.09;0.9455556
3;100;0.1;0.94222236
3;100;0.11;0.9366668
3;100;0.12;0.9244447
3;100;0.13;0.92444456
3;100;0.14;0.9466668
3;100;0.15;0.88777804
3;100;0.16;0.9155557
3;100;0.17;0.8777781
3;100;0.18;0.9022224
3;100;0.19;0.8733337
3;100;0.2;0.8733336
3;100;0.21;0.87444466
3;100;0.22;0.88333356
3;100;0.23;0.88333356
3;100;0.24;0.88888913
3;100;0.25;0.847778
3;100;0.26;0.8477781
3;100;0.27;0.86666685
3;100;0.28;0.8866669
3;100;0.29;0.816667
3;100;0.3;0.8433336
3;100;0.31;0.8733336
3;100;0.32;0.82666695
3;100;0.33;0.87222236
3;100;0.34;0.8144448
3;100;0.35;0.8488892
3;100;0.36;0.8366669
3;100;0.37;0.8655559
3;100;0.38;0.8588891
3;100;0.39;0.8822224
3;100;0.4;0.85111135
3;100;0.41;0.8700003
3;100;0.42;0.82777816
3;100;0.43;0.8388892
3;100;0.44;0.8488893
3;100;0.45;0.8222225
3;100;0.46;0.867778
3;100;0.47;0.8466669
3;100;0.48;0.8833337
3;100;0.49;0.87888914
3;100;0.5;0.86777794
3;100;0.51;0.89777803
3;100;0.52;0.88333356
3;100;0.53;0.85888916
3;100;0.54;0.93222237
3;100;0.55;0.9233334
3;100;0.56;0.92000014
3;100;0.57;0.8966669
3;100;0.58;0.9322224
3;100;0.59;0.8744446
3;100;0.6;0.9066669
3;100;0.61;0.918889
3;100;0.62;0.9411112
3;100;0.63;0.92000014
3;100;0.64;0.91777796
3;100;0.65;0.9244447
3;100;0.66;0.9322224
3;100;0.67;0.91444457
3;100;0.68;0.95555574
3;100;0.69;0.92444456
3;100;0.7;0.94222236
3;100;0.71;0.9644446
3;100;0.72;0.9511113
3;100;0.73;0.93333346
3;100;0.74;0.9822222
3;100;0.75;0.9644444
3;100;0.76;0.9822223
3;100;0.77;0.968889
3;100;0.78;0.9644445
3;100;0.79;0.968889
3;100;0.8;0.98666674
3;100;0.81;0.9600001
3;100;0.82;0.97777784
3;100;0.83;0.96888894
3;100;0.84;0.9644446
3;100;0.85;0.99111116
3;100;0.86;0.99111116
3;100;0.87;0.99111116
3;100;0.88;0.99111116
3;100;0.89;0.98666674
3;100;0.9;0.9955556
3;100;0.91;0.9955556
3;100;0.92;0.99111116
3;100;0.93;1.0
3;100;0.94;1.0
3;100;0.95;0.9955556
3;100;0.96;1.0
3;100;0.97;1.0
3;100;0.98;1.0
3;100;0.99;1.0
3;100;1.0;1.0
4;100;0.0;1.0
4;100;0.01;1.0
4;100;0.02;0.9975
4;100;0.03;0.9875
4;100;0.04;0.97
4;100;0.05;0.9775
4;100;0.06;0.9675
4;100;0.07;0.94
4;100;0.08;0.923125
4;100;0.09;0.914375
4;100;0.1;0.91875
4;100;0.11;0.919375
4;100;0.12;0.926875
4;100;0.13;0.874375
4;100;0.14;0.875625
4;100;0.15;0.88125
4;100;0.16;0.85125
4;100;0.17;0.810625
4;100;0.18;0.815
4;100;0.19;0.855625
4;100;0.2;0.87875
4;100;0.21;0.858125
4;100;0.22;0.8325
4;100;0.23;0.80625
4;100;0.24;0.821875
4;100;0.25;0.81125
4;100;0.26;0.806875
4;100;0.27;0.825625
4;100;0.28;0.785625
4;100;0.29;0.83875
4;100;0.3;0.77875
4;100;0.31;0.774375
4;100;0.32;0.8175
4;100;0.33;0.78375
4;100;0.34;0.81875
4;100;0.35;0.81625
4;100;0.36;0.819375
4;100;0.37;0.78125
4;100;0.38;0.853125
4;100;0.39;0.849375
4;100;0.4;0.86875
4;100;0.41;0.874375
4;100;0.42;0.840625
4;100;0.43;0.895625
4;100;0.44;0.813125
4;100;0.45;0.875
4;100;0.46;0.89875
4;100;0.47;0.8575
4;100;0.48;0.85875
4;100;0.49;0.919375
4;100;0.5;0.87625
4;100;0.51;0.9025
4;100;0.52;0.896875
4;100;0.53;0.91875
4;100;0.54;0.89125
4;100;0.55;0.9275
4;100;0.56;0.9175
4;100;0.57;0.95
4;100;0.58;0.950625
4;100;0.59;0.94875
4;100;0.6;0.9575
4;100;0.61;0.95
4;100;0.62;0.966875
4;100;0.63;0.96125
4;100;0.64;0.9875
4;100;0.65;0.98
4;100;0.66;0.9775
4;100;0.67;0.978125
4;100;0.68;0.975625
4;100;0.69;0.98
4;100;0.7;0.9825
4;100;0.71;0.9825
4;100;0.72;0.99
4;100;0.73;0.97875
4;100;0.74;0.9925
4;100;0.75;0.9825
4;100;0.76;0.995
4;100;0.77;0.9975
4;100;0.78;0.98
4;100;0.79;0.9975
4;100;0.8;0.995
4;100;0.81;0.99
4;100;0.82;0.9975
4;100;0.83;1.0
4;100;0.84;0.99
4;100;0.85;0.9975
4;100;0.86;0.9975
4;100;0.87;0.985
4;100;0.88;0.995
4;100;0.89;0.995
4;100;0.9;1.0
4;100;0.91;0.9975
4;100;0.92;1.0
4;100;0.93;1.0
4;100;0.94;0.9975
4;100;0.95;1.0
4;100;0.96;1.0
4;100;0.97;1.0
4;100;0.98;1.0
4;100;0.99;1.0
4;100;1.0;1.0
5;100;0.0;1.0
5;100;0.01;1.0
5;100;0.02;0.98159987
5;100;0.03;0.97359985
5;100;0.04;0.96559966
5;100;0.05;0.9563997
5;100;0.06;0.9315998
5;100;0.07;0.9255996
5;100;0.08;0.90879977
5;100;0.09;0.8787998
5;100;0.1;0.88879985
5;100;0.11;0.8891996
5;100;0.12;0.8343998
5;100;0.13;0.8223995
5;100;0.14;0.80959976
5;100;0.15;0.80319977
5;100;0.16;0.7727997
5;100;0.17;0.7583999
5;100;0.18;0.7855999
5;100;0.19;0.7195999
5;100;0.2;0.7735998
5;100;0.21;0.78599966
5;100;0.22;0.70239997
5;100;0.23;0.7195999
5;100;0.24;0.726
5;100;0.25;0.742
5;100;0.26;0.7743997
5;100;0.27;0.7256
5;100;0.28;0.69439995
5;100;0.29;0.73759997
5;100;0.3;0.71159995
5;100;0.31;0.7103999
5;100;0.32;0.7527999
5;100;0.33;0.76
5;100;0.34;0.7232
5;100;0.35;0.76719993
5;100;0.36;0.8007998
5;100;0.37;0.7364
5;100;0.38;0.7783998
5;100;0.39;0.7463998
5;100;0.4;0.7968
5;100;0.41;0.8239999
5;100;0.42;0.80120003
5;100;0.43;0.8403999
5;100;0.44;0.87039983
5;100;0.45;0.86759996
5;100;0.46;0.89799994
5;100;0.47;0.8383999
5;100;0.48;0.8827997
5;100;0.49;0.9427999
5;100;0.5;0.9188
5;100;0.51;0.9711998
5;100;0.52;0.9396
5;100;0.53;0.9563999
5;100;0.54;0.9343997
5;100;0.55;0.9539999
5;100;0.56;0.98519987
5;100;0.57;0.95479995
5;100;0.58;0.97599983
5;100;0.59;0.9743999
5;100;0.6;0.98079985
5;100;0.61;0.9759998
5;100;0.62;0.97719985
5;100;0.63;0.98879987
5;100;0.64;0.9763999
5;100;0.65;0.9828
5;100;0.66;0.9864
5;100;0.67;0.98159987
5;100;0.68;0.9936
5;100;0.69;0.9984
5;100;0.7;0.9936
5;100;0.71;0.9828
5;100;0.72;0.992
5;100;0.73;0.9952
5;100;0.74;0.9984
5;100;0.75;0.9936
5;100;0.76;0.99520004
5;100;0.77;0.9984
5;100;0.78;0.9984
5;100;0.79;0.9984
5;100;0.8;0.99679995
5;100;0.81;1.0
5;100;0.82;1.0
5;100;0.83;0.9984
5;100;0.84;1.0
5;100;0.85;1.0
5;100;0.86;0.9984
5;100;0.87;0.9951999
5;100;0.88;0.9984
5;100;0.89;0.9968
5;100;0.9;0.99679995
5;100;0.91;0.9984
5;100;0.92;0.99679995
5;100;0.93;1.0
5;100;0.94;1.0
5;100;0.95;1.0
5;100;0.96;1.0
5;100;0.97;1.0
5;100;0.98;1.0
5;100;0.99;1.0
5;100;1.0;1.0
6;100;0.0;1.0
6;100;0.01;0.99777776
6;100;0.02;0.9830554
6;100;0.03;0.9649997
6;100;0.04;0.954722
6;100;0.05;0.9288888
6;100;0.06;0.91194427
6;100;0.07;0.92444426
6;100;0.08;0.8274999
6;100;0.09;0.84499985
6;100;0.1;0.8524998
6;100;0.11;0.8013888
6;100;0.12;0.76166654
6;100;0.13;0.74388885
6;100;0.14;0.7386112
6;100;0.15;0.7066667
6;100;0.16;0.6722224
6;100;0.17;0.63750005
6;100;0.18;0.66277796
6;100;0.19;0.67833334
6;100;0.2;0.6758333
6;100;0.21;0.62500006
6;100;0.22;0.68583345
6;100;0.23;0.65055555
6;100;0.24;0.5800001
6;100;0.25;0.5975001
6;100;0.26;0.5852779
6;100;0.27;0.5905556
6;100;0.28;0.601389
6;100;0.29;0.6363889
6;100;0.3;0.5616667
6;100;0.31;0.6261112
6;100;0.32;0.6822221
6;100;0.33;0.6813889
6;100;0.34;0.7022222
6;100;0.35;0.7111111
6;100;0.36;0.66972244
6;100;0.37;0.7413891
6;100;0.38;0.7519445
6;100;0.39;0.75166667
6;100;0.4;0.7824999
6;100;0.41;0.77666664
6;100;0.42;0.7752778
6;100;0.43;0.8011109
6;100;0.44;0.8852776
6;100;0.45;0.82805556
6;100;0.46;0.8530555
6;100;0.47;0.88472223
6;100;0.48;0.8488889
6;100;0.49;0.90138876
6;100;0.5;0.8980555
6;100;0.51;0.92194444
6;100;0.52;0.9083331
6;100;0.53;0.9263888
6;100;0.54;0.9427777
6;100;0.55;0.9741666
6;100;0.56;0.9394444
6;100;0.57;0.973611
6;100;0.58;0.9724999
6;100;0.59;0.9555555
6;100;0.6;0.95888895
6;100;0.61;0.98722214
6;100;0.62;0.9769443
6;100;0.63;0.98111117
6;100;0.64;0.9955556
6;100;0.65;0.9905555
6;100;0.66;0.99361116
6;100;0.67;0.9933333
6;100;0.68;0.9933333
6;100;0.69;0.99888885
6;100;0.7;0.99277776
6;100;0.71;0.9933333
6;100;0.72;1.0
6;100;0.73;0.9977777
6;100;0.74;0.9977777
6;100;0.75;0.99888885
6;100;0.76;0.9977777
6;100;0.77;0.99666667
6;100;0.78;0.99888885
6;100;0.79;0.99888885
6;100;0.8;1.0
6;100;0.81;0.99888885
6;100;0.82;1.0
6;100;0.83;1.0
6;100;0.84;1.0
6;100;0.85;1.0
6;100;0.86;0.9977777
6;100;0.87;0.99888885
6;100;0.88;1.0
6;100;0.89;1.0
6;100;0.9;1.0
6;100;0.91;1.0
6;100;0.92;1.0
6;100;0.93;1.0
6;100;0.94;1.0
6;100;0.95;0.99888885
6;100;0.96;1.0
6;100;0.97;1.0
6;100;0.98;1.0
6;100;0.99;1.0
6;100;1.0;1.0
7;100;0.0;1.0
7;100;0.01;0.99591833
7;100;0.02;0.9812243
7;100;0.03;0.9659182
7;100;0.04;0.9444894
7;100;0.05;0.8940813
7;100;0.06;0.9122445
7;100;0.07;0.83102036
7;100;0.08;0.8304078
7;100;0.09;0.803061
7;100;0.1;0.7444896
7;100;0.11;0.7646935
7;100;0.12;0.675306
7;100;0.13;0.71959186
7;100;0.14;0.6540813
7;100;0.15;0.59122443
7;100;0.16;0.60857123
7;100;0.17;0.61612225
7;100;0.18;0.5581632
7;100;0.19;0.5712244
7;100;0.2;0.51530606
7;100;0.21;0.50408155
7;100;0.22;0.5508163
7;100;0.23;0.4906122
7;100;0.24;0.51387733
7;100;0.25;0.5275509
7;100;0.26;0.5057143
7;100;0.27;0.5248978
7;100;0.28;0.60183656
7;100;0.29;0.5165306
7;100;0.3;0.49938765
7;100;0.31;0.55163246
7;100;0.32;0.54959166
7;100;0.33;0.60999995
7;100;0.34;0.63897943
7;100;0.35;0.6116326
7;100;0.36;0.61836725
7;100;0.37;0.62571424
7;100;0.38;0.7134693
7;100;0.39;0.7389796
7;100;0.4;0.71795917
7;100;0.41;0.76306117
7;100;0.42;0.76367325
7;100;0.43;0.7675509
7;100;0.44;0.8365304
7;100;0.45;0.8177548
7;100;0.46;0.8155101
7;100;0.47;0.87081605
7;100;0.48;0.89224464
7;100;0.49;0.92775476
7;100;0.5;0.9155101
7;100;0.51;0.9581631
7;100;0.52;0.9279589
7;100;0.53;0.9546936
7;100;0.54;0.9585713
7;100;0.55;0.9748976
7;100;0.56;0.9689796
7;100;0.57;0.97183657
7;100;0.58;0.9644896
7;100;0.59;0.97285706
7;100;0.6;0.99346924
7;100;0.61;0.9902039
7;100;0.62;0.99142843
7;100;0.63;0.9959183
7;100;0.64;0.9908162
7;100;0.65;0.992449
7;100;0.66;0.99346924
7;100;0.67;0.9967346
7;100;0.68;0.99755096
7;100;0.69;0.9983673
7;100;0.7;0.995102
7;100;0.71;0.99755096
7;100;0.72;0.9953062
7;100;0.73;0.99918365
7;100;0.74;0.9983673
7;100;0.75;1.0
7;100;0.76;0.99918365
7;100;0.77;1.0
7;100;0.78;1.0
7;100;0.79;0.99918365
7;100;0.8;1.0
7;100;0.81;0.99918365
7;100;0.82;1.0
7;100;0.83;1.0
7;100;0.84;1.0
7;100;0.85;1.0
7;100;0.86;1.0
7;100;0.87;1.0
7;100;0.88;0.99918365
7;100;0.89;1.0
7;100;0.9;1.0
7;100;0.91;1.0
7;100;0.92;1.0
7;100;0.93;1.0
7;100;0.94;1.0
7;100;0.95;0.99918365
7;100;0.96;1.0
7;100;0.97;1.0
7;100;0.98;1.0
7;100;0.99;1.0
7;100;1.0;1.0
8;100;0.0;1.0
8;100;0.01;0.99046874
8;100;0.02;0.96515626
8;100;0.03;0.94625
8;100;0.04;0.91515625
8;100;0.05;0.8840625
8;100;0.06;0.85265625
8;100;0.07;0.82671875
8;100;0.08;0.78046876
8;100;0.09;0.75953126
8;100;0.1;0.71296877
8;100;0.11;0.659375
8;100;0.12;0.63
8;100;0.13;0.54484373
8;100;0.14;0.5546875
8;100;0.15;0.5090625
8;100;0.16;0.54578125
8;100;0.17;0.4603125
8;100;0.18;0.46640626
8;100;0.19;0.481875
8;100;0.2;0.44078124
8;100;0.21;0.40484375
8;100;0.22;0.393125
8;100;0.23;0.36203125
8;100;0.24;0.3596875
8;100;0.25;0.409375
8;100;0.26;0.375
8;100;0.27;0.35828125
8;100;0.28;0.39125
8;100;0.29;0.4115625
8;100;0.3;0.43359375
8;100;0.31;0.41703126
8;100;0.32;0.4690625
8;100;0.33;0.4771875
8;100;0.34;0.5178125
8;100;0.35;0.5171875
8;100;0.36;0.49953124
8;100;0.37;0.5321875
8;100;0.38;0.5921875
8;100;0.39;0.62890625
8;100;0.4;0.6117188
8;100;0.41;0.7328125
8;100;0.42;0.7314063
8;100;0.43;0.69890624
8;100;0.44;0.8028125
8;100;0.45;0.83546877
8;100;0.46;0.81703126
8;100;0.47;0.9125
8;100;0.48;0.8957813
8;100;0.49;0.85765624
8;100;0.5;0.92265624
8;100;0.51;0.930625
8;100;0.52;0.93
8;100;0.53;0.95921874
8;100;0.54;0.9610937
8;100;0.55;0.9767187
8;100;0.56;0.97828126
8;100;0.57;0.97796875
8;100;0.58;0.9784375
8;100;0.59;0.975625
8;100;0.6;0.9873437
8;100;0.61;0.98125
8;100;0.62;0.9940625
8;100;0.63;0.98890626
8;100;0.64;0.97703123
8;100;0.65;0.9940625
8;100;0.66;0.9945313
8;100;0.67;0.99359375
8;100;0.68;0.999375
8;100;0.69;0.995625
8;100;0.7;0.996875
8;100;0.71;0.9975
8;100;0.72;0.999375
8;100;0.73;0.999375
8;100;0.74;0.999375
8;100;0.75;0.99875
8;100;0.76;0.999375
8;100;0.77;0.999375
8;100;0.78;1.0
8;100;0.79;0.99875
8;100;0.8;0.999375
8;100;0.81;1.0
8;100;0.82;0.999375
8;100;0.83;1.0
8;100;0.84;1.0
8;100;0.85;1.0
8;100;0.86;1.0
8;100;0.87;1.0
8;100;0.88;0.999375
8;100;0.89;1.0
8;100;0.9;1.0
8;100;0.91;1.0
8;100;0.92;1.0
8;100;0.93;0.999375
8;100;0.94;1.0
8;100;0.95;0.999375
8;100;0.96;0.999375
8;100;0.97;1.0
8;100;0.98;1.0
8;100;0.99;1.0
8;100;1.0;1.0
9;100;0.0;1.0
9;100;0.01;0.9903703
9;100;0.02;0.9697529
9;100;0.03;0.93271583
9;100;0.04;0.909259
9;100;0.05;0.8660494
9;100;0.06;0.8066668
9;100;0.07;0.7671607
9;100;0.08;0.71530867
9;100;0.09;0.6853085
9;100;0.1;0.66518503
9;100;0.11;0.622716
9;100;0.12;0.6150618
9;100;0.13;0.5613582
9;100;0.14;0.48839512
9;100;0.15;0.46296307
9;100;0.16;0.41827148
9;100;0.17;0.3748148
9;100;0.18;0.4025925
9;100;0.19;0.36160493
9;100;0.2;0.3407407
9;100;0.21;0.26580235
9;100;0.22;0.31283945
9;100;0.23;0.30024683
9;100;0.24;0.28172836
9;100;0.25;0.28432098
9;100;0.26;0.28456783
9;100;0.27;0.2796296
9;100;0.28;0.29716045
9;100;0.29;0.2665432
9;100;0.3;0.29740742
9;100;0.31;0.30209875
9;100;0.32;0.37790123
9;100;0.33;0.4135801
9;100;0.34;0.35938278
9;100;0.35;0.42864186
9;100;0.36;0.4608642
9;100;0.37;0.482716
9;100;0.38;0.4911112
9;100;0.39;0.5204939
9;100;0.4;0.5972841
9;100;0.41;0.61024696
9;100;0.42;0.6046914
9;100;0.43;0.7233333
9;100;0.44;0.773704
9;100;0.45;0.7541976
9;100;0.46;0.7856789
9;100;0.47;0.8144444
9;100;0.48;0.87530875
9;100;0.49;0.92086405
9;100;0.5;0.8890123
9;100;0.51;0.9330866
9;100;0.52;0.92975295
9;100;0.53;0.93246925
9;100;0.54;0.9435803
9;100;0.55;0.9609876
9;100;0.56;0.98728395
9;100;0.57;0.96333313
9;100;0.58;0.98345673
9;100;0.59;0.9916049
9;100;0.6;0.9883951
9;100;0.61;0.98790133
9;100;0.62;0.9935802
9;100;0.63;0.9937038
9;100;0.64;0.9912346
9;100;0.65;0.9990123
9;100;0.66;0.9945679
9;100;0.67;0.99901235
9;100;0.68;0.9954321
9;100;0.69;0.99950624
9;100;0.7;0.99802476
9;100;0.71;0.99851847
9;100;0.72;0.9990123
9;100;0.73;0.99851847
9;100;0.74;0.99901235
9;100;0.75;0.99851847
9;100;0.76;1.0
9;100;0.77;0.9995062
9;100;0.78;0.9995062
9;100;0.79;1.0
9;100;0.8;0.9990123
9;100;0.81;0.9995062
9;100;0.82;1.0
9;100;0.83;1.0
9;100;0.84;1.0
9;100;0.85;1.0
9;100;0.86;1.0
9;100;0.87;1.0
9;100;0.88;1.0
9;100;0.89;1.0
9;100;0.9;1.0
9;100;0.91;1.0
9;100;0.92;1.0
9;100;0.93;1.0
9;100;0.94;1.0
9;100;0.95;1.0
9;100;0.96;1.0
9;100;0.97;1.0
9;100;0.98;1.0
9;100;0.99;1.0
9;100;1.0;1.0
10;100;0.0;1.0
10;100;0.01;0.98909986
10;100;0.02;0.9604998
10;100;0.03;0.9274998
10;100;0.04;0.888
10;100;0.05;0.8329999
10;100;0.06;0.7542999
10;100;0.07;0.7590999
10;100;0.08;0.71160007
10;100;0.09;0.65540016
10;100;0.1;0.6123
10;100;0.11;0.56879985
10;100;0.12;0.5012999
10;100;0.13;0.50259995
10;100;0.14;0.4270999
10;100;0.15;0.38369998
10;100;0.16;0.38630006
10;100;0.17;0.34090003
10;100;0.18;0.3044001
10;100;0.19;0.29470012
10;100;0.2;0.2594
10;100;0.21;0.24470003
10;100;0.22;0.21670008
10;100;0.23;0.20420001
10;100;0.24;0.22990003
10;100;0.25;0.19400002
10;100;0.26;0.1701
10;100;0.27;0.19610004
10;100;0.28;0.1914
10;100;0.29;0.19970003
10;100;0.3;0.22400002
10;100;0.31;0.23799998
10;100;0.32;0.22210006
10;100;0.33;0.2168
10;100;0.34;0.26510006
10;100;0.35;0.33409995
10;100;0.36;0.3433
10;100;0.37;0.3868
10;100;0.38;0.46489987
10;100;0.39;0.49489993
10;100;0.4;0.4939999
10;100;0.41;0.5425998
10;100;0.42;0.56399995
10;100;0.43;0.6349999
10;100;0.44;0.661
10;100;0.45;0.7500997
10;100;0.46;0.7664999
10;100;0.47;0.7820998
10;100;0.48;0.7924999
10;100;0.49;0.8763998
10;100;0.5;0.87709975
10;100;0.51;0.9342
10;100;0.52;0.91719985
10;100;0.53;0.94669986
10;100;0.54;0.9621999
10;100;0.55;0.96719986
10;100;0.56;0.94949985
10;100;0.57;0.9784998
10;100;0.58;0.9780999
10;100;0.59;0.98769987
10;100;0.6;0.98949987
10;100;0.61;0.99439996
10;100;0.62;0.99199986
10;100;0.63;0.9951999
10;100;0.64;0.9932
10;100;0.65;0.996
10;100;0.66;0.99679995
10;100;0.67;0.99679995
10;100;0.68;0.99609995
10;100;0.69;0.99799997
10;100;0.7;0.9984
10;100;0.71;0.9984
10;100;0.72;0.9988
10;100;0.73;0.9988
10;100;0.74;0.9996
10;100;0.75;1.0
10;100;0.76;1.0
10;100;0.77;0.9992
10;100;0.78;1.0
10;100;0.79;1.0
10;100;0.8;0.9996
10;100;0.81;1.0
10;100;0.82;0.9996
10;100;0.83;0.9996
10;100;0.84;1.0
10;100;0.85;0.9996
10;100;0.86;1.0
10;100;0.87;1.0
10;100;0.88;1.0
10;100;0.89;1.0
10;100;0.9;1.0
10;100;0.91;1.0
10;100;0.92;1.0
10;100;0.93;1.0
10;100;0.94;1.0
10;100;0.95;1.0
10;100;0.96;1.0
10;100;0.97;1.0
10;100;0.98;1.0
10;100;0.99;1.0
10;100;1.0;1.0
11;100;0.0;1.0
11;100;0.01;0.9867769
11;100;0.02;0.946033
11;100;0.03;0.9276859
11;100;0.04;0.8594213
11;100;0.05;0.79842967
11;100;0.06;0.74198335
11;100;0.07;0.7024793
11;100;0.08;0.646777
11;100;0.09;0.6131403
11;100;0.1;0.53950423
11;100;0.11;0.5186777
11;100;0.12;0.4622314
11;100;0.13;0.4266942
11;100;0.14;0.35239667
11;100;0.15;0.3440497
11;100;0.16;0.31049588
11;100;0.17;0.23793396
11;100;0.18;0.23008259
11;100;0.19;0.19396694
11;100;0.2;0.1921488
11;100;0.21;0.1977686
11;100;0.22;0.1350413
11;100;0.23;0.12363636
11;100;0.24;0.14826445
11;100;0.25;0.14115703
11;100;0.26;0.12495871
11;100;0.27;0.1542149
11;100;0.28;0.11958678
11;100;0.29;0.16677687
11;100;0.3;0.1090909
11;100;0.31;0.15429756
11;100;0.32;0.1371901
11;100;0.33;0.15537192
11;100;0.34;0.20537193
11;100;0.35;0.22165297
11;100;0.36;0.28487608
11;100;0.37;0.29611576
11;100;0.38;0.35264468
11;100;0.39;0.37677687
11;100;0.4;0.3861156
11;100;0.41;0.4553719
11;100;0.42;0.52347094
11;100;0.43;0.5634711
11;100;0.44;0.62826437
11;100;0.45;0.74082637
11;100;0.46;0.7079337
11;100;0.47;0.8164461
11;100;0.48;0.782314
11;100;0.49;0.8671072
11;100;0.5;0.8466942
11;100;0.51;0.9214051
11;100;0.52;0.8959503
11;100;0.53;0.94578505
11;100;0.54;0.96619827
11;100;0.55;0.96140486
11;100;0.56;0.97421485
11;100;0.57;0.9792562
11;100;0.58;0.99206614
11;100;0.59;0.9893388
11;100;0.6;0.99338853
11;100;0.61;0.99305785
11;100;0.62;0.9952066
11;100;0.63;0.99570245
11;100;0.64;0.99570245
11;100;0.65;0.9976859
11;100;0.66;0.9966942
11;100;0.67;0.9938016
11;100;0.68;0.9989256
11;100;0.69;0.99801654
11;100;0.7;0.99966943
11;100;0.71;0.99966943
11;100;0.72;1.0
11;100;0.73;0.99966943
11;100;0.74;0.99966943
11;100;0.75;0.99933887
11;100;0.76;0.99966943
11;100;0.77;0.998843
11;100;0.78;0.99933887
11;100;0.79;0.99933887
11;100;0.8;1.0
11;100;0.81;0.99966943
11;100;0.82;1.0
11;100;0.83;1.0
11;100;0.84;1.0
11;100;0.85;1.0
11;100;0.86;0.99966943
11;100;0.87;1.0
11;100;0.88;1.0
11;100;0.89;1.0
11;100;0.9;1.0
11;100;0.91;1.0
11;100;0.92;1.0
11;100;0.93;0.99966943
11;100;0.94;1.0
11;100;0.95;1.0
11;100;0.96;1.0
11;100;0.97;1.0
11;100;0.98;1.0
11;100;0.99;1.0
11;100;1.0;1.0
12;100;0.0;1.0
12;100;0.01;0.98465264
12;100;0.02;0.9485416
12;100;0.03;0.89479125
12;100;0.04;0.84444445
12;100;0.05;0.7752776
12;100;0.06;0.72034734
12;100;0.07;0.66284704
12;100;0.08;0.60076386
12;100;0.09;0.53937507
12;100;0.1;0.5169443
12;100;0.11;0.43847215
12;100;0.12;0.3878473
12;100;0.13;0.36222216
12;100;0.14;0.3152083
12;100;0.15;0.26847225
12;100;0.16;0.22881944
12;100;0.17;0.20451385
12;100;0.18;0.19062498
12;100;0.19;0.17374998
12;100;0.2;0.1475694
12;100;0.21;0.14076388
12;100;0.22;0.14284721
12;100;0.23;0.10965276
12;100;0.24;0.10256944
12;100;0.25;0.08125001
12;100;0.26;0.09402778
12;100;0.27;0.081388906
12;100;0.28;0.076597236
12;100;0.29;0.073055565
12;100;0.3;0.12180557
12;100;0.31;0.082430564
12;100;0.32;0.09416666
12;100;0.33;0.11673611
12;100;0.34;0.1309722
12;100;0.35;0.1495139
12;100;0.36;0.2014584
12;100;0.37;0.22243056
12;100;0.38;0.2606944
12;100;0.39;0.3131945
12;100;0.4;0.31743056
12;100;0.41;0.44902778
12;100;0.42;0.5215971
12;100;0.43;0.5463888
12;100;0.44;0.5440278
12;100;0.45;0.6395833
12;100;0.46;0.68576384
12;100;0.47;0.7466667
12;100;0.48;0.79374987
12;100;0.49;0.7495138
12;100;0.5;0.887361
12;100;0.51;0.8954165
12;100;0.52;0.92694443
12;100;0.53;0.930972
12;100;0.54;0.96402764
12;100;0.55;0.9618748
12;100;0.56;0.9627081
12;100;0.57;0.97833323
12;100;0.58;0.9754859
12;100;0.59;0.99013877
12;100;0.6;0.9888887
12;100;0.61;0.9932638
12;100;0.62;0.99499995
12;100;0.63;0.9937499
12;100;0.64;0.995486
12;100;0.65;0.99638885
12;100;0.66;0.9971527
12;100;0.67;0.9980555
12;100;0.68;0.99888885
12;100;0.69;0.99888885
12;100;0.7;0.9980555
12;100;0.71;0.99916667
12;100;0.72;0.99888885
12;100;0.73;1.0
12;100;0.74;0.9983333
12;100;0.75;1.0
12;100;0.76;0.9994444
12;100;0.77;0.9994444
12;100;0.78;1.0
12;100;0.79;1.0
12;100;0.8;1.0
12;100;0.81;0.99972224
12;100;0.82;1.0
12;100;0.83;1.0
12;100;0.84;1.0
12;100;0.85;1.0
12;100;0.86;1.0
12;100;0.87;1.0
12;100;0.88;1.0
12;100;0.89;0.99972224
12;100;0.9;1.0
12;100;0.91;1.0
12;100;0.92;1.0
12;100;0.93;1.0
12;100;0.94;1.0
12;100;0.95;1.0
12;100;0.96;1.0
12;100;0.97;1.0
12;100;0.98;1.0
12;100;0.99;1.0
12;100;1.0;1.0
13;100;0.0;1.0
13;100;0.01;0.98213035
13;100;0.02;0.95118386
13;100;0.03;0.8786984
13;100;0.04;0.83668673
13;100;0.05;0.7537871
13;100;0.06;0.71573997
13;100;0.07;0.64994097
13;100;0.08;0.5480473
13;100;0.09;0.48940825
13;100;0.1;0.4694083
13;100;0.11;0.40958583
13;100;0.12;0.36769235
13;100;0.13;0.32118344
13;100;0.14;0.26224855
13;100;0.15;0.23449707
13;100;0.16;0.1852663
13;100;0.17;0.17715977
13;100;0.18;0.15295863
13;100;0.19;0.13893493
13;100;0.2;0.11023671
13;100;0.21;0.10775147
13;100;0.22;0.095266275
13;100;0.23;0.06881658
13;100;0.24;0.07905324
13;100;0.25;0.07994084
13;100;0.26;0.053195268
13;100;0.27;0.051420115
13;100;0.28;0.053727817
13;100;0.29;0.05520711
13;100;0.3;0.054733716
13;100;0.31;0.059289932
13;100;0.32;0.062011838
13;100;0.33;0.07130176
13;100;0.34;0.07526627
13;100;0.35;0.11857989
13;100;0.36;0.13562135
13;100;0.37;0.16532539
13;100;0.38;0.17230767
13;100;0.39;0.27384615
13;100;0.4;0.29029584
13;100;0.41;0.28485215
13;100;0.42;0.36958572
13;100;0.43;0.46615383
13;100;0.44;0.49355018
13;100;0.45;0.60591704
13;100;0.46;0.5894084
13;100;0.47;0.7526626
13;100;0.48;0.7354439
13;100;0.49;0.81106514
13;100;0.5;0.84497035
13;100;0.51;0.90532565
13;100;0.52;0.91940826
13;100;0.53;0.95662713
13;100;0.54;0.9609468
13;100;0.55;0.9727811
13;100;0.56;0.9685208
13;100;0.57;0.97508883
13;100;0.58;0.9914794
13;100;0.59;0.9901183
13;100;0.6;0.9908284
13;100;0.61;0.9949705
13;100;0.62;0.9936687
13;100;0.63;0.9967455
13;100;0.64;0.9956804
13;100;0.65;0.99721885
13;100;0.66;0.9957988
13;100;0.67;0.99739647
13;100;0.68;0.9985799
13;100;0.69;0.99857986
13;100;0.7;0.99929
13;100;0.71;1.0
13;100;0.72;0.9997633
13;100;0.73;0.9997633
13;100;0.74;0.99857986
13;100;0.75;0.99928993
13;100;0.76;1.0
13;100;0.77;1.0
13;100;0.78;0.9997633
13;100;0.79;0.9995267
13;100;0.8;0.9995267
13;100;0.81;1.0
13;100;0.82;0.9995266
13;100;0.83;1.0
13;100;0.84;1.0
13;100;0.85;1.0
13;100;0.86;1.0
13;100;0.87;1.0
13;100;0.88;1.0
13;100;0.89;1.0
13;100;0.9;1.0
13;100;0.91;1.0
13;100;0.92;1.0
13;100;0.93;1.0
13;100;0.94;1.0
13;100;0.95;1.0
13;100;0.96;1.0
13;100;0.97;1.0
13;100;0.98;1.0
13;100;0.99;1.0
13;100;1.0;1.0
14;100;0.0;1.0
14;100;0.01;0.9777038
14;100;0.02;0.92851996
14;100;0.03;0.8827548
14;100;0.04;0.7968368
14;100;0.05;0.73836744
14;100;0.06;0.65020394
14;100;0.07;0.60086733
14;100;0.08;0.5360713
14;100;0.09;0.49341828
14;100;0.1;0.4140816
14;100;0.11;0.35117352
14;100;0.12;0.32311234
14;100;0.13;0.27173465
14;100;0.14;0.230102
14;100;0.15;0.20249999
14;100;0.16;0.17423469
14;100;0.17;0.14948978
14;100;0.18;0.11928572
14;100;0.19;0.107755095
14;100;0.2;0.087346956
14;100;0.21;0.07826532
14;100;0.22;0.08413265
14;100;0.23;0.06500001
14;100;0.24;0.05561226
14;100;0.25;0.044285726
14;100;0.26;0.038316328
14;100;0.27;0.04056123
14;100;0.28;0.034540817
14;100;0.29;0.03306123
14;100;0.3;0.036479603
14;100;0.31;0.038112253
14;100;0.32;0.031989805
14;100;0.33;0.06790818
14;100;0.34;0.06622451
14;100;0.35;0.08377552
14;100;0.36;0.112295926
14;100;0.37;0.11178574
14;100;0.38;0.15403065
14;100;0.39;0.20974495
14;100;0.4;0.20035718
14;100;0.41;0.25607148
14;100;0.42;0.3306122
14;100;0.43;0.39250004
14;100;0.44;0.41556114
14;100;0.45;0.47438774
14;100;0.46;0.6108163
14;100;0.47;0.6694898
14;100;0.48;0.7656121
14;100;0.49;0.79816324
14;100;0.5;0.80010206
14;100;0.51;0.9001528
14;100;0.52;0.927806
14;100;0.53;0.9107141
14;100;0.54;0.9630612
14;100;0.55;0.96653056
14;100;0.56;0.9859183
14;100;0.57;0.9771428
14;100;0.58;0.9806123
14;100;0.59;0.98938775
14;100;0.6;0.9932142
14;100;0.61;0.9933674
14;100;0.62;0.9957142
14;100;0.63;0.9943367
14;100;0.64;0.9981633
14;100;0.65;0.9987755
14;100;0.66;0.9989286
14;100;0.67;0.99918365
14;100;0.68;0.99918365
14;100;0.69;0.99775505
14;100;0.7;0.99918365
14;100;0.71;1.0
14;100;0.72;0.9997959
14;100;0.73;0.9995918
14;100;0.74;1.0
14;100;0.75;0.9997959
14;100;0.76;0.9997959
14;100;0.77;1.0
14;100;0.78;1.0
14;100;0.79;0.9997959
14;100;0.8;1.0
14;100;0.81;1.0
14;100;0.82;1.0
14;100;0.83;1.0
14;100;0.84;1.0
14;100;0.85;1.0
14;100;0.86;0.9997959
14;100;0.87;1.0
14;100;0.88;1.0
14;100;0.89;1.0
14;100;0.9;1.0
14;100;0.91;1.0
14;100;0.92;1.0
14;100;0.93;1.0
14;100;0.94;1.0
14;100;0.95;0.9997959
14;100;0.96;1.0
14;100;0.97;1.0
14;100;0.98;1.0
14;100;0.99;1.0
14;100;1.0;1.0
15;100;0.0;1.0
15;100;0.01;0.97182226
15;100;0.02;0.926044
15;100;0.03;0.85639983
15;100;0.04;0.78755546
15;100;0.05;0.7236443
15;100;0.06;0.6309778
15;100;0.07;0.55675566
15;100;0.08;0.5045779
15;100;0.09;0.43924463
15;100;0.1;0.3729779
15;100;0.11;0.33746675
15;100;0.12;0.27488887
15;100;0.13;0.23942226
15;100;0.14;0.21324445
15;100;0.15;0.18168887
15;100;0.16;0.15302223
15;100;0.17;0.12564446
15;100;0.18;0.1
15;100;0.19;0.08124444
15;100;0.2;0.078755535
15;100;0.21;0.04311111
15;100;0.22;0.04039999
15;100;0.23;0.05102221
15;100;0.24;0.038488887
15;100;0.25;0.033377778
15;100;0.26;0.034177776
15;100;0.27;0.019644447
15;100;0.28;0.027422223
15;100;0.29;0.022666669
15;100;0.3;0.023466669
15;100;0.31;0.026088895
15;100;0.32;0.02791111
15;100;0.33;0.04288889
15;100;0.34;0.0523111
15;100;0.35;0.034177776
15;100;0.36;0.075111106
15;100;0.37;0.11031107
15;100;0.38;0.12355552
15;100;0.39;0.14613333
15;100;0.4;0.13177778
15;100;0.41;0.16724445
15;100;0.42;0.23884447
15;100;0.43;0.32880005
15;100;0.44;0.39568877
15;100;0.45;0.4642223
15;100;0.46;0.5137778
15;100;0.47;0.6212001
15;100;0.48;0.739911
15;100;0.49;0.7423556
15;100;0.5;0.82813346
15;100;0.51;0.8377779
15;100;0.52;0.91382235
15;100;0.53;0.9332891
15;100;0.54;0.93657774
15;100;0.55;0.9475558
15;100;0.56;0.97497785
15;100;0.57;0.9775557
15;100;0.58;0.98084456
15;100;0.59;0.9898668
15;100;0.6;0.99191123
15;100;0.61;0.99422234
15;100;0.62;0.99671125
15;100;0.63;0.9972002
15;100;0.64;0.9968444
15;100;0.65;0.99817777
15;100;0.66;0.99893343
15;100;0.67;0.9976445
15;100;0.68;0.99964446
15;100;0.69;0.9991112
15;100;0.7;0.9980445
15;100;0.71;0.99928886
15;100;0.72;0.99982226
15;100;0.73;0.9994667
15;100;0.74;0.9994667
15;100;0.75;0.99982226
15;100;0.76;0.9994667
15;100;0.77;0.9994667
15;100;0.78;0.99982226
15;100;0.79;0.99982226
15;100;0.8;1.0
15;100;0.81;1.0
15;100;0.82;0.99982226
15;100;0.83;1.0
15;100;0.84;1.0
15;100;0.85;1.0
15;100;0.86;1.0
15;100;0.87;1.0
15;100;0.88;1.0
15;100;0.89;1.0
15;100;0.9;0.99982226
15;100;0.91;1.0
15;100;0.92;1.0
15;100;0.93;1.0
15;100;0.94;1.0
15;100;0.95;1.0
15;100;0.96;1.0
15;100;0.97;1.0
15;100;0.98;1.0
15;100;0.99;1.0
15;100;1.0;1.0
16;100;0.0;1.0
16;100;0.01;0.9668359
16;100;0.02;0.9084766
16;100;0.03;0.8229687
16;100;0.04;0.7775781
16;100;0.05;0.70109373
16;100;0.06;0.60871094
16;100;0.07;0.53152347
16;100;0.08;0.45929688
16;100;0.09;0.4139844
16;100;0.1;0.3573047
16;100;0.11;0.2788281
16;100;0.12;0.24988282
16;100;0.13;0.20800781
16;100;0.14;0.16976562
16;100;0.15;0.15117188
16;100;0.16;0.1259375
16;100;0.17;0.10070313
16;100;0.18;0.09089844
16;100;0.19;0.0678125
16;100;0.2;0.052109376
16;100;0.21;0.043164063
16;100;0.22;0.0434375
16;100;0.23;0.04175781
16;100;0.24;0.028710937
16;100;0.25;0.028125
16;100;0.26;0.010117187
16;100;0.27;0.02109375
16;100;0.28;0.021015625
16;100;0.29;0.018398438
16;100;0.3;0.0107421875
16;100;0.31;0.027421875
16;100;0.32;0.011796875
16;100;0.33;0.023984374
16;100;0.34;0.035585936
16;100;0.35;0.033203125
16;100;0.36;0.05316406
16;100;0.37;0.061328124
16;100;0.38;0.07472656
16;100;0.39;0.1
16;100;0.4;0.12898438
16;100;0.41;0.15773438
16;100;0.42;0.16710937
16;100;0.43;0.30152345
16;100;0.44;0.3430078
16;100;0.45;0.45863283
16;100;0.46;0.5019141
16;100;0.47;0.52671874
16;100;0.48;0.64347655
16;100;0.49;0.72558594
16;100;0.5;0.7509375
16;100;0.51;0.8503516
16;100;0.52;0.8685547
16;100;0.53;0.9053516
16;100;0.54;0.95390624
16;100;0.55;0.97195315
16;100;0.56;0.9782031
16;100;0.57;0.97515625
16;100;0.58;0.98691404
16;100;0.59;0.975
16;100;0.6;0.99371094
16;100;0.61;0.99375
16;100;0.62;0.99253905
16;100;0.63;0.9963281
16;100;0.64;0.9967578
16;100;0.65;0.99714845
16;100;0.66;0.9980469
16;100;0.67;0.99890625
16;100;0.68;0.99921876
16;100;0.69;0.9990625
16;100;0.7;0.99828124
16;100;0.71;0.99890625
16;100;0.72;0.99921876
16;100;0.73;0.999375
16;100;0.74;0.999375
16;100;0.75;1.0
16;100;0.76;1.0
16;100;0.77;0.9998438
16;100;0.78;0.9996875
16;100;0.79;1.0
16;100;0.8;0.9998438
16;100;0.81;1.0
16;100;0.82;1.0
16;100;0.83;0.9998438
16;100;0.84;0.9998438
16;100;0.85;1.0
16;100;0.86;1.0
16;100;0.87;1.0
16;100;0.88;0.9998438
16;100;0.89;1.0
16;100;0.9;1.0
16;100;0.91;1.0
16;100;0.92;1.0
16;100;0.93;1.0
16;100;0.94;0.9998438
16;100;0.95;1.0
16;100;0.96;1.0
16;100;0.97;1.0
16;100;0.98;1.0
16;100;0.99;1.0
16;100;1.0;1.0
17;100;0.0;1.0
17;100;0.01;0.96429086
17;100;0.02;0.90813166
17;100;0.03;0.8072664
17;100;0.04;0.73619384
17;100;0.05;0.66207623
17;100;0.06;0.57619375
17;100;0.07;0.4933218
17;100;0.08;0.429412
17;100;0.09;0.3371972
17;100;0.1;0.28951558
17;100;0.11;0.25498274
17;100;0.12;0.22086507
17;100;0.13;0.17865051
17;100;0.14;0.15681663
17;100;0.15;0.11193773
17;100;0.16;0.09629759
17;100;0.17;0.09629758
17;100;0.18;0.08204155
17;100;0.19;0.06778548
17;100;0.2;0.058096897
17;100;0.21;0.041937727
17;100;0.22;0.028581321
17;100;0.23;0.03297578
17;100;0.24;0.020657444
17;100;0.25;0.025397925
17;100;0.26;0.009826989
17;100;0.27;0.010726644
17;100;0.28;0.013252595
17;100;0.29;0.016643599
17;100;0.3;0.013737027
17;100;0.31;0.015017305
17;100;0.32;0.013321798
17;100;0.33;0.027301028
17;100;0.34;0.015986161
17;100;0.35;0.038477506
17;100;0.36;0.029861592
17;100;0.37;0.04401384
17;100;0.38;0.058235276
17;100;0.39;0.053425606
17;100;0.4;0.088096894
17;100;0.41;0.13297577
17;100;0.42;0.1244983
17;100;0.43;0.19896191
17;100;0.44;0.303045
17;100;0.45;0.34823525
17;100;0.46;0.44750872
17;100;0.47;0.55830455
17;100;0.48;0.64664376
17;100;0.49;0.66944635
17;100;0.5;0.7625607
17;100;0.51;0.8263668
17;100;0.52;0.8374397
17;100;0.53;0.94436014
17;100;0.54;0.9465052
17;100;0.55;0.97373724
17;100;0.56;0.9710381
17;100;0.57;0.9778202
17;100;0.58;0.99013865
17;100;0.59;0.98788923
17;100;0.6;0.99553645
17;100;0.61;0.9940832
17;100;0.62;0.99508667
17;100;0.63;0.99622846
17;100;0.64;0.99622846
17;100;0.65;0.99719733
17;100;0.66;0.99782014
17;100;0.67;0.9994464
17;100;0.68;0.99868524
17;100;0.69;0.9985122
17;100;0.7;0.999308
17;100;0.71;0.9995848
17;100;0.72;0.9997232
17;100;0.73;0.9995848
17;100;0.74;0.99944633
17;100;0.75;0.9995848
17;100;0.76;0.9995156
17;100;0.77;0.9998616
17;100;0.78;1.0
17;100;0.79;0.9998616
17;100;0.8;1.0
17;100;0.81;0.9998616
17;100;0.82;0.9998616
17;100;0.83;1.0
17;100;0.84;1.0
17;100;0.85;1.0
17;100;0.86;1.0
17;100;0.87;1.0
17;100;0.88;1.0
17;100;0.89;1.0
17;100;0.9;1.0
17;100;0.91;1.0
17;100;0.92;1.0
17;100;0.93;1.0
17;100;0.94;1.0
17;100;0.95;1.0
17;100;0.96;1.0
17;100;0.97;1.0
17;100;0.98;0.9998616
17;100;0.99;1.0
17;100;1.0;1.0
18;100;0.0;1.0
18;100;0.01;0.9714503
18;100;0.02;0.90540093
18;100;0.03;0.80283946
18;100;0.04;0.7302778
18;100;0.05;0.61583364
18;100;0.06;0.52466065
18;100;0.07;0.48787045
18;100;0.08;0.37493837
18;100;0.09;0.32429013
18;100;0.1;0.25734562
18;100;0.11;0.22861108
18;100;0.12;0.18354931
18;100;0.13;0.15234566
18;100;0.14;0.1271296
18;100;0.15;0.11037036
18;100;0.16;0.08311727
18;100;0.17;0.07089503
18;100;0.18;0.063827164
18;100;0.19;0.04487654
18;100;0.2;0.035586428
18;100;0.21;0.033981487
18;100;0.22;0.022037044
18;100;0.23;0.024351854
18;100;0.24;0.013024693
18;100;0.25;0.013086421
18;100;0.26;0.0063580247
18;100;0.27;0.014567902
18;100;0.28;0.0075925933
18;100;0.29;0.008611112
18;100;0.3;0.007685186
18;100;0.31;0.009413582
18;100;0.32;0.011327161
18;100;0.33;0.012160496
18;100;0.34;0.017006177
18;100;0.35;0.023765434
18;100;0.36;0.02617284
18;100;0.37;0.026882717
18;100;0.38;0.054475296
18;100;0.39;0.058641966
18;100;0.4;0.07296297
18;100;0.41;0.09503086
18;100;0.42;0.116728365
18;100;0.43;0.19191359
18;100;0.44;0.23675928
18;100;0.45;0.28796285
18;100;0.46;0.33466053
18;100;0.47;0.45410496
18;100;0.48;0.55617285
18;100;0.49;0.6710494
18;100;0.5;0.7224076
18;100;0.51;0.75546294
18;100;0.52;0.80577177
18;100;0.53;0.8787036
18;100;0.54;0.9386111
18;100;0.55;0.9567595
18;100;0.56;0.9741979
18;100;0.57;0.984136
18;100;0.58;0.9880249
18;100;0.59;0.99262357
18;100;0.6;0.9924076
18;100;0.61;0.9934259
18;100;0.62;0.9974384
18;100;0.63;0.9944136
18;100;0.64;0.99802476
18;100;0.65;0.99802476
18;100;0.66;0.99774694
18;100;0.67;0.998889
18;100;0.68;0.9984261
18;100;0.69;0.99925935
18;100;0.7;0.9995062
18;100;0.71;0.99891984
18;100;0.72;0.99950624
18;100;0.73;0.99925923
18;100;0.74;0.9996297
18;100;0.75;1.0
18;100;0.76;0.9997531
18;100;0.77;0.9997531
18;100;0.78;1.0
18;100;0.79;1.0
18;100;0.8;1.0
18;100;0.81;0.99987656
18;100;0.82;1.0
18;100;0.83;1.0
18;100;0.84;0.9997531
18;100;0.85;1.0
18;100;0.86;1.0
18;100;0.87;1.0
18;100;0.88;1.0
18;100;0.89;1.0
18;100;0.9;0.99987656
18;100;0.91;0.99987656
18;100;0.92;1.0
18;100;0.93;1.0
18;100;0.94;1.0
18;100;0.95;1.0
18;100;0.96;1.0
18;100;0.97;1.0
18;100;0.98;1.0
18;100;0.99;1.0
18;100;1.0;1.0
19;100;0.0;1.0
19;100;0.01;0.96440446
19;100;0.02;0.9063434
19;100;0.03;0.8034624
19;100;0.04;0.70238227
19;100;0.05;0.6119667
19;100;0.06;0.5420222
19;100;0.07;0.46434897
19;100;0.08;0.36814412
19;100;0.09;0.3051801
19;100;0.1;0.26229915
19;100;0.11;0.21573399
19;100;0.12;0.17831025
19;100;0.13;0.14590025
19;100;0.14;0.119445965
19;100;0.15;0.08368421
19;100;0.16;0.07795015
19;100;0.17;0.072105244
19;100;0.18;0.052382264
19;100;0.19;0.037368424
19;100;0.2;0.033878118
19;100;0.21;0.020470917
19;100;0.22;0.024459833
19;100;0.23;0.016454294
19;100;0.24;0.01166205
19;100;0.25;0.010166204
19;100;0.26;0.007368421
19;100;0.27;0.0062880884
19;100;0.28;0.0058448757
19;100;0.29;0.0066759004
19;100;0.3;0.004903048
19;100;0.31;0.010914128
19;100;0.32;0.00734072
19;100;0.33;0.011606646
19;100;0.34;0.0129362885
19;100;0.35;0.012022162
19;100;0.36;0.022548482
19;100;0.37;0.02360111
19;100;0.38;0.024127426
19;100;0.39;0.029224379
19;100;0.4;0.06592798
19;100;0.41;0.07481995
19;100;0.42;0.08770082
19;100;0.43;0.14263159
19;100;0.44;0.18792243
19;100;0.45;0.20440441
19;100;0.46;0.31188354
19;100;0.47;0.42130208
19;100;0.48;0.51814395
19;100;0.49;0.6200554
19;100;0.5;0.6834903
19;100;0.51;0.7577839
19;100;0.52;0.84376746
19;100;0.53;0.88357353
19;100;0.54;0.93030477
19;100;0.55;0.95894754
19;100;0.56;0.95939064
19;100;0.57;0.99260414
19;100;0.58;0.98556787
19;100;0.59;0.98390585
19;100;0.6;0.9947369
19;100;0.61;0.99554026
19;100;0.62;0.9969806
19;100;0.63;0.9967313
19;100;0.64;0.9969806
19;100;0.65;0.99742377
19;100;0.66;0.9984488
19;100;0.67;0.99889207
19;100;0.68;0.9988921
19;100;0.69;0.998892
19;100;0.7;0.998892
19;100;0.71;0.9991412
19;100;0.72;0.9998892
19;100;0.73;0.999446
19;100;0.74;0.99977845
19;100;0.75;0.999446
19;100;0.76;0.9998892
19;100;0.77;0.9998892
19;100;0.78;1.0
19;100;0.79;0.99977845
19;100;0.8;1.0
19;100;0.81;1.0
19;100;0.82;0.9998892
19;100;0.83;1.0
19;100;0.84;1.0
19;100;0.85;1.0
19;100;0.86;1.0
19;100;0.87;1.0
19;100;0.88;1.0
19;100;0.89;1.0
19;100;0.9;1.0
19;100;0.91;1.0
19;100;0.92;1.0
19;100;0.93;1.0
19;100;0.94;1.0
19;100;0.95;1.0
19;100;0.96;1.0
19;100;0.97;1.0
19;100;0.98;1.0
19;100;0.99;1.0
19;100;1.0;1.0
20;100;0.0;1.0
20;100;0.01;0.9564252
20;100;0.02;0.89982504
20;100;0.03;0.7788998
20;100;0.04;0.69862497
20;100;0.05;0.6024251
20;100;0.06;0.4817251
20;100;0.07;0.440425
20;100;0.08;0.34080002
20;100;0.09;0.27392495
20;100;0.1;0.23574997
20;100;0.11;0.17999998
20;100;0.12;0.15692501
20;100;0.13;0.13712502
20;100;0.14;0.08997502
20;100;0.15;0.06672502
20;100;0.16;0.056574993
20;100;0.17;0.05102501
20;100;0.18;0.045525003
20;100;0.19;0.029999994
20;100;0.2;0.023399998
20;100;0.21;0.021424994
20;100;0.22;0.015999997
20;100;0.23;0.009975
20;100;0.24;0.011074999
20;100;0.25;0.004375
20;100;0.26;0.0046749995
20;100;0.27;0.0075750006
20;100;0.28;0.00575
20;100;0.29;0.0037749999
20;100;0.3;0.0037999994
20;100;0.31;0.0037249995
20;100;0.32;0.01125
20;100;0.33;0.0066499985
20;100;0.34;0.006299998
20;100;0.35;0.012150001
20;100;0.36;0.017500002
20;100;0.37;0.020975009
20;100;0.38;0.029925006
20;100;0.39;0.021550007
20;100;0.4;0.036450014
20;100;0.41;0.058450006
20;100;0.42;0.049950004
20;100;0.43;0.113950014
20;100;0.44;0.146725
20;100;0.45;0.17480001
20;100;0.46;0.22282499
20;100;0.47;0.36935005
20;100;0.48;0.472425
20;100;0.49;0.47842503
20;100;0.5;0.59404993
20;100;0.51;0.743325
20;100;0.52;0.83959997
20;100;0.53;0.92175025
20;100;0.54;0.9194999
20;100;0.55;0.9679751
20;100;0.56;0.97252494
20;100;0.57;0.9805999
20;100;0.58;0.98647517
20;100;0.59;0.99202514
20;100;0.6;0.9917
20;100;0.61;0.9958999
20;100;0.62;0.9966248
20;100;0.63;0.99737495
20;100;0.64;0.9965749
20;100;0.65;0.99834996
20;100;0.66;0.9986
20;100;0.67;0.9989749
20;100;0.68;0.99917495
20;100;0.69;0.9993
20;100;0.7;0.9995
20;100;0.71;0.99939996
20;100;0.72;0.99929994
20;100;0.73;0.9999
20;100;0.74;1.0
20;100;0.75;1.0
20;100;0.76;1.0
20;100;0.77;0.9998
20;100;0.78;1.0
20;100;0.79;0.9999
20;100;0.8;1.0
20;100;0.81;0.99979997
20;100;0.82;1.0
20;100;0.83;1.0
20;100;0.84;0.99990004
20;100;0.85;1.0
20;100;0.86;1.0
20;100;0.87;0.99990004
20;100;0.88;1.0
20;100;0.89;1.0
20;100;0.9;0.99990004
20;100;0.91;1.0
20;100;0.92;1.0
20;100;0.93;1.0
20;100;0.94;1.0
20;100;0.95;1.0
20;100;0.96;1.0
20;100;0.97;1.0
20;100;0.98;1.0
20;100;0.99;1.0
20;100;1.0;1.0
21;100;0.0;1.0
21;100;0.01;0.9580275
21;100;0.02;0.8737866
21;100;0.03;0.7829931
21;100;0.04;0.68106574
21;100;0.05;0.5664853
21;100;0.06;0.46077096
21;100;0.07;0.38539687
21;100;0.08;0.2956463
21;100;0.09;0.25580493
21;100;0.1;0.2022449
21;100;0.11;0.15682538
21;100;0.12;0.13990928
21;100;0.13;0.101632655
21;100;0.14;0.080589555
21;100;0.15;0.06569158
21;100;0.16;0.057278905
21;100;0.17;0.03401362
21;100;0.18;0.0297279
21;100;0.19;0.022902498
21;100;0.2;0.019455789
21;100;0.21;0.013809527
21;100;0.22;0.012585036
21;100;0.23;0.0067800456
21;100;0.24;0.0064399093
21;100;0.25;0.005668934
21;100;0.26;0.0034013607
21;100;0.27;0.0046485257
21;100;0.28;0.0023129254
21;100;0.29;0.0010204082
21;100;0.3;0.0026303856
21;100;0.31;0.0033106569
21;100;0.32;0.0019274376
21;100;0.33;0.004217687
21;100;0.34;0.005986394
21;100;0.35;0.009750568
21;100;0.36;0.0127437655
21;100;0.37;0.011201815
21;100;0.38;0.0176644
21;100;0.39;0.025147395
21;100;0.4;0.03253968
21;100;0.41;0.037732434
21;100;0.42;0.060680266
21;100;0.43;0.088390015
21;100;0.44;0.11498863
21;100;0.45;0.17528349
21;100;0.46;0.21097508
21;100;0.47;0.31653062
21;100;0.48;0.3222449
21;100;0.49;0.47834462
21;100;0.5;0.586372
21;100;0.51;0.68405896
21;100;0.52;0.8233561
21;100;0.53;0.8749207
21;100;0.54;0.9325848
21;100;0.55;0.96718806
21;100;0.56;0.9813377
21;100;0.57;0.98789096
21;100;0.58;0.99195
21;100;0.59;0.987188
21;100;0.6;0.9940589
21;100;0.61;0.9964626
21;100;0.62;0.9974602
21;100;0.63;0.9973469
21;100;0.64;0.9976417
21;100;0.65;0.9986621
21;100;0.66;0.99863935
21;100;0.67;0.9992743
21;100;0.68;0.9990022
21;100;0.69;0.99972785
21;100;0.7;0.9995011
21;100;0.71;0.9991836
21;100;0.72;0.99972785
21;100;0.73;0.9996371
21;100;0.74;0.9999093
21;100;0.75;0.99972785
21;100;0.76;0.9999093
21;100;0.77;1.0
21;100;0.78;0.9999093
21;100;0.79;0.999864
21;100;0.8;0.9999093
21;100;0.81;1.0
21;100;0.82;1.0
21;100;0.83;1.0
21;100;0.84;1.0
21;100;0.85;1.0
21;100;0.86;0.9999093
21;100;0.87;1.0
21;100;0.88;1.0
21;100;0.89;1.0
21;100;0.9;1.0
21;100;0.91;1.0
21;100;0.92;1.0
21;100;0.93;1.0
21;100;0.94;1.0
21;100;0.95;1.0
21;100;0.96;1.0
21;100;0.97;1.0
21;100;0.98;1.0
21;100;0.99;1.0
21;100;1.0;1.0
22;100;0.0;1.0
22;100;0.01;0.95276886
22;100;0.02;0.86051667
22;100;0.03;0.75154954
22;100;0.04;0.65252054
22;100;0.05;0.5431405
22;100;0.06;0.44400826
22;100;0.07;0.37543383
22;100;0.08;0.29357433
22;100;0.09;0.23068184
22;100;0.1;0.19599177
22;100;0.11;0.15136372
22;100;0.12;0.11231406
22;100;0.13;0.0892975
22;100;0.14;0.07619831
22;100;0.15;0.053429734
22;100;0.16;0.039814036
22;100;0.17;0.03737602
22;100;0.18;0.029504122
22;100;0.19;0.018140491
22;100;0.2;0.017665287
22;100;0.21;0.013388429
22;100;0.22;0.0066528935
22;100;0.23;0.007747935
22;100;0.24;0.00338843
22;100;0.25;0.0058471076
22;100;0.26;0.0029545454
22;100;0.27;0.00086776866
22;100;0.28;0.0036363637
22;100;0.29;0.002334711
22;100;0.3;0.003553719
22;100;0.31;0.0014669421
22;100;0.32;0.0016942148
22;100;0.33;0.0030165284
22;100;0.34;0.0032231407
22;100;0.35;0.004876032
22;100;0.36;0.0076239663
22;100;0.37;0.009421488
22;100;0.38;0.015392562
22;100;0.39;0.019132234
22;100;0.4;0.018264465
22;100;0.41;0.0298967
22;100;0.42;0.043842975
22;100;0.43;0.05634297
22;100;0.44;0.08167358
22;100;0.45;0.10252066
22;100;0.46;0.1807851
22;100;0.47;0.20807856
22;100;0.48;0.31014466
22;100;0.49;0.40018594
22;100;0.5;0.4578307
22;100;0.51;0.6538844
22;100;0.52;0.79607445
22;100;0.53;0.86411196
22;100;0.54;0.9553309
22;100;0.55;0.9530787
22;100;0.56;0.98134345
22;100;0.57;0.9876451
22;100;0.58;0.98043424
22;100;0.59;0.995145
22;100;0.6;0.9951863
22;100;0.61;0.996178
22;100;0.62;0.9965085
22;100;0.63;0.99683917
22;100;0.64;0.9982646
22;100;0.65;0.997996
22;100;0.66;0.99861586
22;100;0.67;0.99898773
22;100;0.68;0.9988018
22;100;0.69;0.9990084
22;100;0.7;0.99942154
22;100;0.71;0.99950415
22;100;0.72;0.99950415
22;100;0.73;0.99942154
22;100;0.74;0.9998348
22;100;0.75;0.99966943
22;100;0.76;0.9996695
22;100;0.77;0.9997521
22;100;0.78;1.0
22;100;0.79;1.0
22;100;0.8;1.0
22;100;0.81;1.0
22;100;0.82;1.0
22;100;0.83;1.0
22;100;0.84;0.9999174
22;100;0.85;1.0
22;100;0.86;1.0
22;100;0.87;1.0
22;100;0.88;1.0
22;100;0.89;1.0
22;100;0.9;1.0
22;100;0.91;1.0
22;100;0.92;1.0
22;100;0.93;1.0
22;100;0.94;1.0
22;100;0.95;1.0
22;100;0.96;1.0
22;100;0.97;1.0
22;100;0.98;1.0
22;100;0.99;1.0
22;100;1.0;1.0
23;100;0.0;1.0
23;100;0.01;0.9540079
23;100;0.02;0.8727223
23;100;0.03;0.7430058
23;100;0.04;0.6327031
23;100;0.05;0.52945185
23;100;0.06;0.4305291
23;100;0.07;0.35132328
23;100;0.08;0.27977312
23;100;0.09;0.20228724
23;100;0.1;0.17672962
23;100;0.11;0.123251416
23;100;0.12;0.102306224
23;100;0.13;0.07867677
23;100;0.14;0.06482045
23;100;0.15;0.051795863
23;100;0.16;0.030926272
23;100;0.17;0.029886577
23;100;0.18;0.020775044
23;100;0.19;0.015538752
23;100;0.2;0.015066161
23;100;0.21;0.00816635
23;100;0.22;0.0077315676
23;100;0.23;0.003969754
23;100;0.24;0.0031568997
23;100;0.25;0.0036105858
23;100;0.26;0.0014177694
23;100;0.27;0.0017580342
23;100;0.28;0.0018525522
23;100;0.29;0.00062381855
23;100;0.3;0.0018147449
23;100;0.31;0.0016635162
23;100;0.32;0.0012854444
23;100;0.33;0.0020604916
23;100;0.34;0.0026843103
23;100;0.35;0.004461248
23;100;0.36;0.007183367
23;100;0.37;0.008903595
23;100;0.38;0.01024575
23;100;0.39;0.017069941
23;100;0.4;0.019754253
23;100;0.41;0.022438558
23;100;0.42;0.034914926
23;100;0.43;0.05395086
23;100;0.44;0.05761816
23;100;0.45;0.092362955
23;100;0.46;0.14776936
23;100;0.47;0.18714556
23;100;0.48;0.2669187
23;100;0.49;0.42134216
23;100;0.5;0.4764651
23;100;0.51;0.52362955
23;100;0.52;0.77570915
23;100;0.53;0.77648425
23;100;0.54;0.85646516
23;100;0.55;0.92000026
23;100;0.56;0.9658036
23;100;0.57;0.9743481
23;100;0.58;0.9896033
23;100;0.59;0.9939888
23;100;0.6;0.993346
23;100;0.61;0.99705124
23;100;0.62;0.9965786
23;100;0.63;0.996881
23;100;0.64;0.99810976
23;100;0.65;0.99827987
23;100;0.66;0.99867684
23;100;0.67;0.998261
23;100;0.68;0.99931955
23;100;0.69;0.9990927
23;100;0.7;0.9993573
23;100;0.71;0.999622
23;100;0.72;0.9994708
23;100;0.73;0.99969757
23;100;0.74;0.999622
23;100;0.75;0.99969757
23;100;0.76;0.9999244
23;100;0.77;0.99969757
23;100;0.78;0.9999244
23;100;0.79;1.0
23;100;0.8;1.0
23;100;0.81;1.0
23;100;0.82;0.9999244
23;100;0.83;1.0
23;100;0.84;1.0
23;100;0.85;1.0
23;100;0.86;1.0
23;100;0.87;1.0
23;100;0.88;1.0
23;100;0.89;1.0
23;100;0.9;1.0
23;100;0.91;1.0
23;100;0.92;1.0
23;100;0.93;1.0
23;100;0.94;1.0
23;100;0.95;1.0
23;100;0.96;1.0
23;100;0.97;1.0
23;100;0.98;1.0
23;100;0.99;1.0
23;100;1.0;1.0
24;100;0.0;1.0
24;100;0.01;0.9503992
24;100;0.02;0.85465264
24;100;0.03;0.72602445
24;100;0.04;0.6051214
24;100;0.05;0.479948
24;100;0.06;0.3934896
24;100;0.07;0.31567708
24;100;0.08;0.25439236
24;100;0.09;0.1955382
24;100;0.1;0.16286455
24;100;0.11;0.1163021
24;100;0.12;0.097795136
24;100;0.13;0.06272569
24;100;0.14;0.04892361
24;100;0.15;0.037569445
24;100;0.16;0.028819447
24;100;0.17;0.020659719
24;100;0.18;0.018246526
24;100;0.19;0.01295139
24;100;0.2;0.0067534726
24;100;0.21;0.005902778
24;100;0.22;0.0033333332
24;100;0.23;0.004305555
24;100;0.24;0.0020833334
24;100;0.25;0.0027430556
24;100;0.26;0.0012847222
24;100;0.27;0.0010590279
24;100;0.28;0.0002604167
24;100;0.29;0.00045138889
24;100;0.3;0.0007986112
24;100;0.31;0.00081597234
24;100;0.32;0.0015277779
24;100;0.33;0.0011111114
24;100;0.34;0.003177083
24;100;0.35;0.0056597223
24;100;0.36;0.0037673605
24;100;0.37;0.005850693
24;100;0.38;0.007413194
24;100;0.39;0.012083334
24;100;0.4;0.013350699
24;100;0.41;0.024409728
24;100;0.42;0.02463542
24;100;0.43;0.040538207
24;100;0.44;0.041284725
24;100;0.45;0.08196181
24;100;0.46;0.118576385
24;100;0.47;0.15901041
24;100;0.48;0.21850696
24;100;0.49;0.27793407
24;100;0.5;0.45069453
24;100;0.51;0.5645139
24;100;0.52;0.6556599
24;100;0.53;0.81093764
24;100;0.54;0.8657293
24;100;0.55;0.96510434
24;100;0.56;0.96331626
24;100;0.57;0.9665626
24;100;0.58;0.99267405
24;100;0.59;0.9925177
24;100;0.6;0.9945318
24;100;0.61;0.9934204
24;100;0.62;0.99635446
24;100;0.63;0.99822927
24;100;0.64;0.9976218
24;100;0.65;0.99793416
24;100;0.66;0.9983855
24;100;0.67;0.9994446
24;100;0.68;0.9993751
24;100;0.69;0.9991494
24;100;0.7;0.9994446
24;100;0.71;0.99979174
24;100;0.72;0.99934036
24;100;0.73;0.9996875
24;100;0.74;0.9996528
24;100;0.75;0.99993056
24;100;0.76;1.0
24;100;0.77;0.99979174
24;100;0.78;0.99993056
24;100;0.79;1.0
24;100;0.8;0.9998611
24;100;0.81;1.0
24;100;0.82;0.99993056
24;100;0.83;1.0
24;100;0.84;1.0
24;100;0.85;0.99993056
24;100;0.86;1.0
24;100;0.87;1.0
24;100;0.88;1.0
24;100;0.89;1.0
24;100;0.9;1.0
24;100;0.91;1.0
24;100;0.92;1.0
24;100;0.93;1.0
24;100;0.94;1.0
24;100;0.95;1.0
24;100;0.96;1.0
24;100;0.97;1.0
24;100;0.98;1.0
24;100;0.99;1.0
24;100;1.0;1.0
